{
  "fusiononly": {
    "field": 48.55555555555556,
    "char": 52.73611450182126,
    "n": 40
  },
  "r1_dilate": {
    "field": 72.78993055555556,
    "char": 65.78035794539775,
    "n": 40
  },
  "r2_close": {
    "field": 71.84201388888889,
    "char": 66.11615562330802,
    "n": 40
  },
  "r2_dilate": {
    "field": 80.43229166666666,
    "char": 72.48958461251195,
    "n": 40
  },
  "r3_dilate": {
    "field": 70.14826388888888,
    "char": 64.45710221972487,
    "n": 40
  },
  "baseline": {
    "field": 46.690625,
    "char": 53.430993315600176,
    "n": 40
  }
}