{
  "link02": {
    "mean_run": 7.309912758358218,
    "cv_run": 1.730158364712167,
    "short_run_ratio": 0.11165759119386381,
    "periodicity": 40.069970810665296,
    "ink_ratio": 0.04774316908545097
  },
  "link03": {
    "mean_run": 6.169715121046814,
    "cv_run": 0.8996482051333679,
    "short_run_ratio": 0.38838378436196386,
    "periodicity": 22.02876892201401,
    "ink_ratio": 0.06188859609216516
  },
  "link04": {
    "mean_run": 4.998141766335563,
    "cv_run": 0.8744385111774554,
    "short_run_ratio": 0.3811406176092979,
    "periodicity": 40.636567956881166,
    "ink_ratio": 0.05572619784862635
  },
  "link05": {
    "mean_run": 8.10944438961808,
    "cv_run": 3.7221220852367876,
    "short_run_ratio": 0.11807954209020033,
    "periodicity": 28.192421793541357,
    "ink_ratio": 0.07184826117292792
  },
  "link06": {
    "mean_run": 5.408056646949613,
    "cv_run": 0.8358394833709469,
    "short_run_ratio": 0.40788394283493806,
    "periodicity": 112.93238773222427,
    "ink_ratio": 0.0565649449618967
  },
  "link07": {
    "mean_run": 5.409842845326716,
    "cv_run": 0.7280753331792286,
    "short_run_ratio": 0.18139594070115161,
    "periodicity": 147.7935694210746,
    "ink_ratio": 0.06279476646888787
  },
  "link08": {
    "mean_run": 5.698791683297652,
    "cv_run": 0.6900593435151389,
    "short_run_ratio": 0.215319859211147,
    "periodicity": 116.21827705827889,
    "ink_ratio": 0.06431242506240704
  },
  "link09": {
    "mean_run": 7.799484307642722,
    "cv_run": 0.644801148284766,
    "short_run_ratio": 0.09032673945449418,
    "periodicity": 141.80607315680606,
    "ink_ratio": 0.09127474693182837
  },
  "link10": {
    "mean_run": 11.979992214869599,
    "cv_run": 6.69592216439776,
    "short_run_ratio": 0.15212144803425456,
    "periodicity": 13.838936020045736,
    "ink_ratio": 0.051565637339924454
  },
  "link11": {
    "mean_run": 11.310141509433961,
    "cv_run": 6.687765021464508,
    "short_run_ratio": 0.1463651498335183,
    "periodicity": 11.723243602830195,
    "ink_ratio": 0.05531509660049315
  },
  "link12": {
    "mean_run": 9.79464685345985,
    "cv_run": 6.96868233197687,
    "short_run_ratio": 0.2976456897323427,
    "periodicity": 24.068269870346732,
    "ink_ratio": 0.07012983017474772
  },
  "link13": {
    "mean_run": 4.382686084142395,
    "cv_run": 0.735467242116656,
    "short_run_ratio": 0.4518415780551703,
    "periodicity": 173.99553296462616,
    "ink_ratio": 0.04954413490157547
  },
  "link14": {
    "mean_run": 5.023448511510699,
    "cv_run": 0.8694575463343257,
    "short_run_ratio": 0.5483278520480075,
    "periodicity": 99.01002009032685,
    "ink_ratio": 0.051582780068610966
  },
  "link15": {
    "mean_run": 4.475569772091164,
    "cv_run": 0.8712868652527358,
    "short_run_ratio": 0.6021591363454618,
    "periodicity": 120.77988630167813,
    "ink_ratio": 0.05174363293612088
  },
  "link16": {
    "mean_run": 6.116819095803334,
    "cv_run": 0.6480983644385475,
    "short_run_ratio": 0.20444963352143738,
    "periodicity": 176.01001666444802,
    "ink_ratio": 0.03420288593537202
  },
  "link17": {
    "mean_run": 4.2330004558074,
    "cv_run": 0.9252145132841537,
    "short_run_ratio": 0.6994157377864335,
    "periodicity": 114.65468112738797,
    "ink_ratio": 0.04067497645824499
  },
  "link18": {
    "mean_run": 4.865850887727612,
    "cv_run": 0.683004438545114,
    "short_run_ratio": 0.3032555422116914,
    "periodicity": 153.57830384321755,
    "ink_ratio": 0.05769498690324721
  },
  "link19": {
    "mean_run": 4.948559435222286,
    "cv_run": 0.7926179274693913,
    "short_run_ratio": 0.37908796031291736,
    "periodicity": 149.35322243068774,
    "ink_ratio": 0.04321335086167109
  },
  "link20": {
    "mean_run": 5.532225149345108,
    "cv_run": 0.7640337686338871,
    "short_run_ratio": 0.35505176060257504,
    "periodicity": 107.05618025353826,
    "ink_ratio": 0.0655776568255539
  },
  "link21": {
    "mean_run": 5.8083427282976325,
    "cv_run": 0.7903742931807891,
    "short_run_ratio": 0.2932034143984539,
    "periodicity": 188.34490132981844,
    "ink_ratio": 0.06473523604379824
  },
  "link22": {
    "mean_run": 5.481909662291986,
    "cv_run": 0.7360802800721012,
    "short_run_ratio": 0.14778389292343766,
    "periodicity": 98.0516524441964,
    "ink_ratio": 0.055434696700256865
  },
  "link23": {
    "mean_run": 4.656673241288626,
    "cv_run": 0.846296788793256,
    "short_run_ratio": 0.5004602235371466,
    "periodicity": 136.2004809158823,
    "ink_ratio": 0.04782160141733644
  },
  "link24": {
    "mean_run": 5.469809598330725,
    "cv_run": 0.7470904023594132,
    "short_run_ratio": 0.16960093896713616,
    "periodicity": 175.73562350994067,
    "ink_ratio": 0.05575595395954677
  },
  "link25": {
    "mean_run": 4.30587904585977,
    "cv_run": 0.7874921517510626,
    "short_run_ratio": 0.5103606136053329,
    "periodicity": 130.5079553471434,
    "ink_ratio": 0.047378528037837424
  },
  "link26": {
    "mean_run": 5.108701488530262,
    "cv_run": 0.714118216267822,
    "short_run_ratio": 0.2625063389314799,
    "periodicity": 65.95858297483687,
    "ink_ratio": 0.058094387138968716
  },
  "link27": {
    "mean_run": 4.312203862233725,
    "cv_run": 0.876459597449075,
    "short_run_ratio": 0.6281505076647422,
    "periodicity": 150.4104584805852,
    "ink_ratio": 0.04961951847977829
  },
  "link28": {
    "mean_run": 5.663816583347699,
    "cv_run": 0.714363549622182,
    "short_run_ratio": 0.1456645405964489,
    "periodicity": 93.42877834399235,
    "ink_ratio": 0.05988799549707193
  },
  "link29": {
    "mean_run": 5.79921231650555,
    "cv_run": 0.7133402722332064,
    "short_run_ratio": 0.09788757608306481,
    "periodicity": 129.54226575536788,
    "ink_ratio": 0.05156222344181948
  },
  "link30": {
    "mean_run": 5.334987665070382,
    "cv_run": 0.9810037733795861,
    "short_run_ratio": 0.4323900740095777,
    "periodicity": 37.783323629801664,
    "ink_ratio": 0.06569547851048743
  },
  "link31": {
    "mean_run": 4.90717952589461,
    "cv_run": 0.819190092580005,
    "short_run_ratio": 0.4623659972821984,
    "periodicity": 130.9195539514822,
    "ink_ratio": 0.06033878575161591
  },
  "link32": {
    "mean_run": 5.5817859254878766,
    "cv_run": 0.7637565490708927,
    "short_run_ratio": 0.31168933569879753,
    "periodicity": 172.7460978689953,
    "ink_ratio": 0.06129250110392478
  },
  "link33": {
    "mean_run": 4.320857947111763,
    "cv_run": 0.7817152544204762,
    "short_run_ratio": 0.5149268524759149,
    "periodicity": 168.05363435435126,
    "ink_ratio": 0.049116856521182646
  },
  "link34": {
    "mean_run": 5.456022677366551,
    "cv_run": 0.824252491147995,
    "short_run_ratio": 0.3699844292729668,
    "periodicity": 173.9455940235456,
    "ink_ratio": 0.06158794569541916
  },
  "link35": {
    "mean_run": 4.635596107977133,
    "cv_run": 0.7820105447546742,
    "short_run_ratio": 0.45602544201718853,
    "periodicity": 154.73681462846733,
    "ink_ratio": 0.055104973534400775
  },
  "link36": {
    "mean_run": 5.941807096862584,
    "cv_run": 0.7297996065602127,
    "short_run_ratio": 0.08449787642142759,
    "periodicity": 158.95466639529067,
    "ink_ratio": 0.05760676097496181
  },
  "link37": {
    "mean_run": 4.603611876339149,
    "cv_run": 0.7454402065250741,
    "short_run_ratio": 0.42558157330884605,
    "periodicity": 120.51654305685027,
    "ink_ratio": 0.05201816831370691
  },
  "link38": {
    "mean_run": 3.7747623539656048,
    "cv_run": 0.8154671274929514,
    "short_run_ratio": 0.7590886002467165,
    "periodicity": 118.29209418914992,
    "ink_ratio": 0.049490797537257235
  },
  "link39": {
    "mean_run": 16.086605504587155,
    "cv_run": 4.57427466217807,
    "short_run_ratio": 0.07501965923984273,
    "periodicity": 35.88987766388332,
    "ink_ratio": 0.09756721076287936
  },
  "link40": {
    "mean_run": 13.66210971441812,
    "cv_run": 5.515392120672206,
    "short_run_ratio": 0.1108150379424202,