{
  "link02": {
    "run_gain": 1.5535365661191847,
    "ink_gain": 1.5186028852047753
  },
  "link03": {
    "run_gain": 1.6444389132995123,
    "ink_gain": 1.5335964557853758
  },
  "link04": {
    "run_gain": 1.886808279359563,
    "ink_gain": 1.6976207026307883
  },
  "link05": {
    "run_gain": 1.5624682418802747,
    "ink_gain": 1.4387760115106298
  },
  "link06": {
    "run_gain": 1.6654427335698292,
    "ink_gain": 1.8140154738425005
  },
  "link07": {
    "run_gain": 1.5846807678884987,
    "ink_gain": 1.5805409346369637
  },
  "link08": {
    "run_gain": 1.6696108948907675,
    "ink_gain": 1.6478336831344507
  },
  "link09": {
    "run_gain": 1.5191247557779712,
    "ink_gain": 1.5160118452800688
  },
  "link10": {
    "run_gain": 1.622374896608738,
    "ink_gain": 1.4880183304413699
  },
  "link11": {
    "run_gain": 1.6110405451873149,
    "ink_gain": 1.4965993723461757
  },
  "link12": {
    "run_gain": 1.7251690026492408,
    "ink_gain": 1.4727365527456466
  },
  "link13": {
    "run_gain": 2.064371788671638,
    "ink_gain": 1.9599078225542663
  },
  "link14": {
    "run_gain": 1.6621532030032353,
    "ink_gain": 1.8196015926142073
  },
  "link15": {
    "run_gain": 1.8403052114267775,
    "ink_gain": 1.9484616885330437
  },
  "link16": {
    "run_gain": 1.6909440449619528,
    "ink_gain": 1.638865180077346
  },
  "link17": {
    "run_gain": 1.847662458414392,
    "ink_gain": 1.9546638879514875
  },
  "link18": {
    "run_gain": 1.6331461208567852,
    "ink_gain": 1.6320893183568799
  },
  "link19": {
    "run_gain": 1.6265858208678454,
    "ink_gain": 1.6368696842672656
  },
  "link20": {
    "run_gain": 1.649149562600921,
    "ink_gain": 1.7526226381003283
  },
  "link21": {
    "run_gain": 1.655837622483401,
    "ink_gain": 1.6991088330303732
  },
  "link22": {
    "run_gain": 1.5651891145243606,
    "ink_gain": 1.5707207067755242
  },
  "link23": {
    "run_gain": 1.8528852099997482,
    "ink_gain": 1.9466096568880353
  },
  "link24": {
    "run_gain": 1.5670119809970933,
    "ink_gain": 1.5718256432812654
  },
  "link25": {
    "run_gain": 2.0155681284183675,
    "ink_gain": 1.984224615621142
  },
  "link26": {
    "run_gain": 1.6384298467546585,
    "ink_gain": 1.5919962079947036
  },
  "link27": {
    "run_gain": 1.8786413575030512,
    "ink_gain": 1.999137835439609
  },
  "link28": {
    "run_gain": 1.5504193472971959,
    "ink_gain": 1.5515590036163749
  },
  "link29": {
    "run_gain": 1.547404562689582,
    "ink_gain": 1.5421929615422973
  },
  "link30": {
    "run_gain": 1.9036642347186647,
    "ink_gain": 1.6090864421176696
  },
  "link31": {
    "run_gain": 1.8067244804734541,
    "ink_gain": 1.8631274104179207
  },
  "link32": {
    "run_gain": 1.803430097215342,
    "ink_gain": 1.7803228714477493
  },
  "link33": {
    "run_gain": 1.9625816070038917,
    "ink_gain": 1.9675033446818198
  },
  "link34": {
    "run_gain": 1.7352505978963115,
    "ink_gain": 1.7630339797929901
  },
  "link35": {
    "run_gain": 1.9681153027695015,
    "ink_gain": 1.8863921088643225
  },
  "link36": {
    "run_gain": 1.5465375823949485,
    "ink_gain": 1.5463318102079806
  },
  "link37": {
    "run_gain": 1.9080473680493746,
    "ink_gain": 1.9275114411139591
  },
  "link38": {
    "run_gain": 1.8280231642340914,
    "ink_gain": 1.8179656880578983
  },
  "link39": {
    "run_gain": 1.366482822207661,
    "ink_gain": 1.3154542059579986
  },
  "link40": {
    "run_gain": 1.4482133544174005,
    "ink_gain": 1.389197896100709
  },
  "link41": {
    "run_gain": 1.329639033308099,
    "ink_gain": 1.3336364880635223
  },
  "link42": {
    "run_gain": 1.4340734524504668,
    "ink_gain": 1.3607831277594562
  }
}